key,phase_id,phase_name,phase_class,sequence_number,operation_externalId,equipment_module_externalIds,batch_externalIds,timeseries_externalIds,phase_state,description
PH_OP_R12_SLURRY_LOAD_INIT,PH-OP-R12-SLURRY-LOAD-INIT,R12 Slurry Load Operation Initialization Phase,Initialization,10,OP-R12-SLURRY-LOAD,EM_R12_CHARGE,BATCH-R12-2024-001,TS_R12_CHARGE_FLOW|TS_R12_CHARGE_PRESS,Running,R12 Slurry Load Operation Initialization Phase executes initialization activities for operation OP-R12-SLURRY-LOAD
PH_OP_R12_SLURRY_LOAD_PROC,PH-OP-R12-SLURRY-LOAD-PROC,R12 Slurry Load Operation Processing Phase,Processing,20,OP-R12-SLURRY-LOAD,EM_R12_CHARGE,BATCH-R12-2024-001,TS_R12_CHARGE_PRESS|TS_R12_CHARGE_TEMP,Running,R12 Slurry Load Operation Processing Phase executes processing activities for operation OP-R12-SLURRY-LOAD
PH_OP_R12_SLURRY_LOAD_COMP,PH-OP-R12-SLURRY-LOAD-COMP,R12 Slurry Load Operation Completion Phase,Verification,30,OP-R12-SLURRY-LOAD,EM_R12_CHARGE,BATCH-R12-2024-001,TS_R12_CHARGE_TEMP|TS_R12_VFD_SPEED,Complete,R12 Slurry Load Operation Completion Phase executes verification activities for operation OP-R12-SLURRY-LOAD
PH_OP_R12_SLURRY_AGITATE_INIT,PH-OP-R12-SLURRY-AGITATE-INIT,R12 Slurry Agitation Operation Initialization Phase,Initialization,10,OP-R12-SLURRY-AGITATE,EM_R12_CHARGE,BATCH-R12-2024-001,TS_R12_PANEL_STATUS|TS_R12_SAFETY_STATE,Running,R12 Slurry Agitation Operation Initialization Phase executes initialization activities for operation OP-R12-SLURRY-AGITATE
PH_OP_R12_SLURRY_AGITATE_PROC,PH-OP-R12-SLURRY-AGITATE-PROC,R12 Slurry Agitation Operation Processing Phase,Processing,20,OP-R12-SLURRY-AGITATE,EM_R12_CHARGE,BATCH-R12-2024-001,TS_R12_SAFETY_STATE|TS_R12_CHARGE_FLOW,Running,R12 Slurry Agitation Operation Processing Phase executes processing activities for operation OP-R12-SLURRY-AGITATE
PH_OP_R12_SLURRY_AGITATE_COMP,PH-OP-R12-SLURRY-AGITATE-COMP,R12 Slurry Agitation Operation Completion Phase,Verification,30,OP-R12-SLURRY-AGITATE,EM_R12_CHARGE,BATCH-R12-2024-001,TS_R12_CHARGE_FLOW|TS_R12_VFD_SPEED,Complete,R12 Slurry Agitation Operation Completion Phase executes verification activities for operation OP-R12-SLURRY-AGITATE
PH_OP_R12_FEED_CHARGE_INIT,PH-OP-R12-FEED-CHARGE-INIT,R12 Charge Feed Operation Initialization Phase,Initialization,10,OP-R12-FEED-CHARGE,EM_R12_CHARGE,BATCH-R12-2024-006,TS_R12_CHARGE_PRESS|TS_R12_CHARGE_TEMP,Running,R12 Charge Feed Operation Initialization Phase executes initialization activities for operation OP-R12-FEED-CHARGE
PH_OP_R12_FEED_CHARGE_PROC,PH-OP-R12-FEED-CHARGE-PROC,R12 Charge Feed Operation Processing Phase,Processing,20,OP-R12-FEED-CHARGE,EM_R12_CHARGE,BATCH-R12-2024-006,TS_R12_CHARGE_TEMP|TS_R12_VFD_SPEED,Running,R12 Charge Feed Operation Processing Phase executes processing activities for operation OP-R12-FEED-CHARGE
PH_OP_R12_FEED_CHARGE_COMP,PH-OP-R12-FEED-CHARGE-COMP,R12 Charge Feed Operation Completion Phase,Verification,30,OP-R12-FEED-CHARGE,EM_R12_CHARGE,BATCH-R12-2024-006,TS_R12_VFD_SPEED,Complete,R12 Charge Feed Operation Completion Phase executes verification activities for operation OP-R12-FEED-CHARGE
PH_OP_R12_FEED_VERIFY_INIT,PH-OP-R12-FEED-VERIFY-INIT,R12 Feed Verification Operation Initialization Phase,Initialization,10,OP-R12-FEED-VERIFY,EM_R12_CHARGE,BATCH-R12-2024-006,TS_R12_PANEL_STATUS|TS_R12_SAFETY_STATE,Running,R12 Feed Verification Operation Initialization Phase executes initialization activities for operation OP-R12-FEED-VERIFY
PH_OP_R12_FEED_VERIFY_PROC,PH-OP-R12-FEED-VERIFY-PROC,R12 Feed Verification Operation Processing Phase,Processing,20,OP-R12-FEED-VERIFY,EM_R12_CHARGE,BATCH-R12-2024-006,TS_R12_SAFETY_STATE,Running,R12 Feed Verification Operation Processing Phase executes processing activities for operation OP-R12-FEED-VERIFY
PH_OP_R12_FEED_VERIFY_COMP,PH-OP-R12-FEED-VERIFY-COMP,R12 Feed Verification Operation Completion Phase,Verification,30,OP-R12-FEED-VERIFY,EM_R12_CHARGE,BATCH-R12-2024-006,TS_R12_PANEL_STATUS,Complete,R12 Feed Verification Operation Completion Phase executes verification activities for operation OP-R12-FEED-VERIFY
PH_OP_R12_TRIAL_ADJUST_INIT,PH-OP-R12-TRIAL-ADJUST-INIT,R12 Trial Adjustment Operation Initialization Phase,Initialization,10,OP-R12-TRIAL-ADJUST,EM_R12_CHARGE,BATCH-R12-TRIAL-007,TS_R12_CHARGE_TEMP|TS_R12_PANEL_STATUS,Running,R12 Trial Adjustment Operation Initialization Phase executes initialization activities for operation OP-R12-TRIAL-ADJUST
PH_OP_R12_TRIAL_ADJUST_PROC,PH-OP-R12-TRIAL-ADJUST-PROC,R12 Trial Adjustment Operation Processing Phase,Processing,20,OP-R12-TRIAL-ADJUST,EM_R12_CHARGE,BATCH-R12-TRIAL-007,TS_R12_PANEL_STATUS|TS_R12_VFD_SPEED,Running,R12 Trial Adjustment Operation Processing Phase executes processing activities for operation OP-R12-TRIAL-ADJUST
PH_OP_R12_TRIAL_ADJUST_COMP,PH-OP-R12-TRIAL-ADJUST-COMP,R12 Trial Adjustment Operation Completion Phase,Verification,30,OP-R12-TRIAL-ADJUST,EM_R12_CHARGE,BATCH-R12-TRIAL-007,TS_R12_VFD_SPEED,Complete,R12 Trial Adjustment Operation Completion Phase executes verification activities for operation OP-R12-TRIAL-ADJUST
PH_OP_R13_INIT_CHARGE_INIT,PH-OP-R13-INIT-CHARGE-INIT,R13 Initiation Charge Operation Initialization Phase,Initialization,10,OP-R13-INIT-CHARGE,EM_R13_MIX,BATCH-R13-2024-002,TS_R13_MIXER_SPEED|TS_R13_VESSEL_TEMP,Running,R13 Initiation Charge Operation Initialization Phase executes initialization activities for operation OP-R13-INIT-CHARGE
PH_OP_R13_INIT_CHARGE_PROC,PH-OP-R13-INIT-CHARGE-PROC,R13 Initiation Charge Operation Processing Phase,Processing,20,OP-R13-INIT-CHARGE,EM_R13_MIX,BATCH-R13-2024-002,TS_R13_VESSEL_TEMP|TS_R13_PANEL_TEMP,Running,R13 Initiation Charge Operation Processing Phase executes processing activities for operation OP-R13-INIT-CHARGE
PH_OP_R13_INIT_CHARGE_COMP,PH-OP-R13-INIT-CHARGE-COMP,R13 Initiation Charge Operation Completion Phase,Verification,30,OP-R13-INIT-CHARGE,EM_R13_MIX,BATCH-R13-2024-002,TS_R13_PANEL_TEMP,Complete,R13 Initiation Charge Operation Completion Phase executes verification activities for operation OP-R13-INIT-CHARGE
PH_OP_R13_INIT_HEAT_INIT,PH-OP-R13-INIT-HEAT-INIT,R13 Initiation Heat Operation Initialization Phase,Initialization,10,OP-R13-INIT-HEAT,EM_R13_MIX,BATCH-R13-2024-002,TS_R13_MIXER_TORQUE|TS_R13_MIXER_SPEED,Running,R13 Initiation Heat Operation Initialization Phase executes initialization activities for operation OP-R13-INIT-HEAT
PH_OP_R13_INIT_HEAT_PROC,PH-OP-R13-INIT-HEAT-PROC,R13 Initiation Heat Operation Processing Phase,Processing,20,OP-R13-INIT-HEAT,EM_R13_MIX,BATCH-R13-2024-002,TS_R13_MIXER_SPEED,Running,R13 Initiation Heat Operation Processing Phase executes processing activities for operation OP-R13-INIT-HEAT
PH_OP_R13_INIT_HEAT_COMP,PH-OP-R13-INIT-HEAT-COMP,R13 Initiation Heat Operation Completion Phase,Verification,30,OP-R13-INIT-HEAT,EM_R13_MIX,BATCH-R13-2024-002,TS_R13_MIXER_TORQUE,Complete,R13 Initiation Heat Operation Completion Phase executes verification activities for operation OP-R13-INIT-HEAT
PH_OP_R13_MAIN_HOLD_INIT,PH-OP-R13-MAIN-HOLD-INIT,R13 Main Hold Operation Initialization Phase,Initialization,10,OP-R13-MAIN-HOLD,EM_R13_MIX,BATCH-R13-2024-008,TS_R13_VESSEL_PRESS|TS_R13_VESSEL_TEMP,Running,R13 Main Hold Operation Initialization Phase executes initialization activities for operation OP-R13-MAIN-HOLD
PH_OP_R13_MAIN_HOLD_PROC,PH-OP-R13-MAIN-HOLD-PROC,R13 Main Hold Operation Processing Phase,Processing,20,OP-R13-MAIN-HOLD,EM_R13_MIX,BATCH-R13-2024-008,TS_R13_VESSEL_TEMP|TS_R13_MIXER_SPEED,Running,R13 Main Hold Operation Processing Phase executes processing activities for operation OP-R13-MAIN-HOLD
PH_OP_R13_MAIN_HOLD_COMP,PH-OP-R13-MAIN-HOLD-COMP,R13 Main Hold Operation Completion Phase,Verification,30,OP-R13-MAIN-HOLD,EM_R13_MIX,BATCH-R13-2024-008,TS_R13_MIXER_SPEED|TS_R13_INTERLOCK_STATE,Complete,R13 Main Hold Operation Completion Phase executes verification activities for operation OP-R13-MAIN-HOLD
PH_OP_R13_POSTCURE_BAKE_INIT,PH-OP-R13-POSTCURE-BAKE-INIT,R13 Post Cure Bake Operation Initialization Phase,Initialization,10,OP-R13-POSTCURE-BAKE,EM_R13_MIX,BATCH-R13-POST-009,TS_R13_PANEL_TEMP|TS_R13_MIXER_TORQUE,Running,R13 Post Cure Bake Operation Initialization Phase executes initialization activities for operation OP-R13-POSTCURE-BAKE
PH_OP_R13_POSTCURE_BAKE_PROC,PH-OP-R13-POSTCURE-BAKE-PROC,R13 Post Cure Bake Operation Processing Phase,Processing,20,OP-R13-POSTCURE-BAKE,EM_R13_MIX,BATCH-R13-POST-009,TS_R13_MIXER_TORQUE,Running,R13 Post Cure Bake Operation Processing Phase executes processing activities for operation OP-R13-POSTCURE-BAKE
PH_OP_R13_POSTCURE_BAKE_COMP,PH-OP-R13-POSTCURE-BAKE-COMP,R13 Post Cure Bake Operation Completion Phase,Verification,30,OP-R13-POSTCURE-BAKE,EM_R13_MIX,BATCH-R13-POST-009,TS_R13_PANEL_TEMP,Complete,R13 Post Cure Bake Operation Completion Phase executes verification activities for operation OP-R13-POSTCURE-BAKE
PH_OP_FILL_BULK_TRANSFER_INIT,PH-OP-FILL-BULK-TRANSFER-INIT,Fill Bulk Transfer Operation Initialization Phase,Initialization,10,OP-FILL-BULK-TRANSFER,EM_FILL_PUMP,BATCH-FILL-2024-003,TS_FILL_PUMP_FLOW|TS_FILL_PUMP_PRESS,Running,Fill Bulk Transfer Operation Initialization Phase executes initialization activities for operation OP-FILL-BULK-TRANSFER
PH_OP_FILL_BULK_TRANSFER_PROC,PH-OP-FILL-BULK-TRANSFER-PROC,Fill Bulk Transfer Operation Processing Phase,Processing,20,OP-FILL-BULK-TRANSFER,EM_FILL_PUMP,BATCH-FILL-2024-003,TS_FILL_PUMP_PRESS|TS_FILL_TANK_LEVEL,Running,Fill Bulk Transfer Operation Processing Phase executes processing activities for operation OP-FILL-BULK-TRANSFER
PH_OP_FILL_BULK_TRANSFER_COMP,PH-OP-FILL-BULK-TRANSFER-COMP,Fill Bulk Transfer Operation Completion Phase,Verification,30,OP-FILL-BULK-TRANSFER,EM_FILL_PUMP,BATCH-FILL-2024-003,TS_FILL_TANK_LEVEL|TS_FILL_VFD_SPEED,Complete,Fill Bulk Transfer Operation Completion Phase executes verification activities for operation OP-FILL-BULK-TRANSFER
PH_OP_FILL_BULK_DRAIN_INIT,PH-OP-FILL-BULK-DRAIN-INIT,Fill Bulk Drain Operation Initialization Phase,Initialization,10,OP-FILL-BULK-DRAIN,EM_FILL_PUMP,BATCH-FILL-2024-003,TS_FILL_PANEL_STATUS|TS_FILL_PUMP_TEMP,Running,Fill Bulk Drain Operation Initialization Phase executes initialization activities for operation OP-FILL-BULK-DRAIN
PH_OP_FILL_BULK_DRAIN_PROC,PH-OP-FILL-BULK-DRAIN-PROC,Fill Bulk Drain Operation Processing Phase,Processing,20,OP-FILL-BULK-DRAIN,EM_FILL_PUMP,BATCH-FILL-2024-003,TS_FILL_PUMP_TEMP|TS_FILL_PUMP_CURRENT,Running,Fill Bulk Drain Operation Processing Phase executes processing activities for operation OP-FILL-BULK-DRAIN
PH_OP_FILL_BULK_DRAIN_COMP,PH-OP-FILL-BULK-DRAIN-COMP,Fill Bulk Drain Operation Completion Phase,Verification,30,OP-FILL-BULK-DRAIN,EM_FILL_PUMP,BATCH-FILL-2024-003,TS_FILL_PUMP_CURRENT,Complete,Fill Bulk Drain Operation Completion Phase executes verification activities for operation OP-FILL-BULK-DRAIN
PH_OP_FILL_V3_COMMISSION_INIT,PH-OP-FILL-V3-COMMISSION-INIT,Fill Version Three Commission Operation Initialization Phase,Initialization,10,OP-FILL-V3-COMMISSION,EM_FILL_PUMP,BATCH-FILL-DEV-018,TS_FILL_VFD_SPEED|TS_FILL_PANEL_STATUS,Running,Fill Version Three Commission Operation Initialization Phase executes initialization activities for operation OP-FILL-V3-COMMISSION
PH_OP_FILL_V3_COMMISSION_PROC,PH-OP-FILL-V3-COMMISSION-PROC,Fill Version Three Commission Operation Processing Phase,Processing,20,OP-FILL-V3-COMMISSION,EM_FILL_PUMP,BATCH-FILL-DEV-018,TS_FILL_PANEL_STATUS|TS_FILL_PUMP_FLOW,Running,Fill Version Three Commission Operation Processing Phase executes processing activities for operation OP-FILL-V3-COMMISSION
PH_OP_FILL_V3_COMMISSION_COMP,PH-OP-FILL-V3-COMMISSION-COMP,Fill Version Three Commission Operation Completion Phase,Verification,30,OP-FILL-V3-COMMISSION,EM_FILL_PUMP,BATCH-FILL-DEV-018,TS_FILL_PUMP_FLOW,Complete,Fill Version Three Commission Operation Completion Phase executes verification activities for operation OP-FILL-V3-COMMISSION
PH_OP_FILL_STERILE_FLUSH_INIT,PH-OP-FILL-STERILE-FLUSH-INIT,Sterile Flush Operation Initialization Phase,Initialization,10,OP-FILL-STERILE-FLUSH,EM_FILL_PUMP,BATCH-FILL-2024-010,TS_FILL_PUMP_FLOW|TS_FILL_PUMP_TEMP,Running,Sterile Flush Operation Initialization Phase executes initialization activities for operation OP-FILL-STERILE-FLUSH
PH_OP_FILL_STERILE_FLUSH_PROC,PH-OP-FILL-STERILE-FLUSH-PROC,Sterile Flush Operation Processing Phase,Processing,20,OP-FILL-STERILE-FLUSH,EM_FILL_PUMP,BATCH-FILL-2024-010,TS_FILL_PUMP_TEMP|TS_FILL_PUMP_PRESS,Running,Sterile Flush Operation Processing Phase executes processing activities for operation OP-FILL-STERILE-FLUSH
PH_OP_FILL_STERILE_FLUSH_COMP,PH-OP-FILL-STERILE-FLUSH-COMP,Sterile Flush Operation Completion Phase,Verification,30,OP-FILL-STERILE-FLUSH,EM_FILL_PUMP,BATCH-FILL-2024-010,TS_FILL_PUMP_PRESS,Complete,Sterile Flush Operation Completion Phase executes verification activities for operation OP-FILL-STERILE-FLUSH
PH_OP_FILL_REWORK_SORT_INIT,PH-OP-FILL-REWORK-SORT-INIT,Fill Rework Sorting Operation Initialization Phase,Initialization,10,OP-FILL-REWORK-SORT,EM_FILL_PUMP,BATCH-FILL-REWORK-011,TS_FILL_PUMP_PRESS|TS_FILL_PUMP_FLOW,Running,Fill Rework Sorting Operation Initialization Phase executes initialization activities for operation OP-FILL-REWORK-SORT
PH_OP_FILL_REWORK_SORT_PROC,PH-OP-FILL-REWORK-SORT-PROC,Fill Rework Sorting Operation Processing Phase,Processing,20,OP-FILL-REWORK-SORT,EM_FILL_PUMP,BATCH-FILL-REWORK-011,TS_FILL_PUMP_FLOW|TS_FILL_PUMP_CURRENT,Running,Fill Rework Sorting Operation Processing Phase executes processing activities for operation OP-FILL-REWORK-SORT
PH_OP_FILL_REWORK_SORT_COMP,PH-OP-FILL-REWORK-SORT-COMP,Fill Rework Sorting Operation Completion Phase,Verification,30,OP-FILL-REWORK-SORT,EM_FILL_PUMP,BATCH-FILL-REWORK-011,TS_FILL_PUMP_CURRENT,Complete,Fill Rework Sorting Operation Completion Phase executes verification activities for operation OP-FILL-REWORK-SORT
PH_OP_FILL_CIP_CIRC_INIT,PH-OP-FILL-CIP-CIRC-INIT,Fill CIP Circulation Operation Initialization Phase,Initialization,10,OP-FILL-CIP-CIRC,EM_FILL_PUMP,BATCH-FILL-CIP-012,TS_FILL_PANEL_STATUS|TS_FILL_VFD_SPEED,Running,Fill CIP Circulation Operation Initialization Phase executes initialization activities for operation OP-FILL-CIP-CIRC
PH_OP_FILL_CIP_CIRC_PROC,PH-OP-FILL-CIP-CIRC-PROC,Fill CIP Circulation Operation Processing Phase,Processing,20,OP-FILL-CIP-CIRC,EM_FILL_PUMP,BATCH-FILL-CIP-012,TS_FILL_VFD_SPEED|TS_FILL_PUMP_PRESS,Running,Fill CIP Circulation Operation Processing Phase executes processing activities for operation OP-FILL-CIP-CIRC
PH_OP_FILL_CIP_CIRC_COMP,PH-OP-FILL-CIP-CIRC-COMP,Fill CIP Circulation Operation Completion Phase,Verification,30,OP-FILL-CIP-CIRC,EM_FILL_PUMP,BATCH-FILL-CIP-012,TS_FILL_PUMP_PRESS,Complete,Fill CIP Circulation Operation Completion Phase executes verification activities for operation OP-FILL-CIP-CIRC
PH_OP_R12_CIP_RINSE_INIT,PH-OP-R12-CIP-RINSE-INIT,R12 CIP Rinse Operation Initialization Phase,Initialization,10,OP-R12-CIP-RINSE,EM_R12_CHARGE,BATCH-CIP-2024-005,TS_R12_PANEL_STATUS|TS_R12_VFD_SPEED,Running,R12 CIP Rinse Operation Initialization Phase executes initialization activities for operation OP-R12-CIP-RINSE
PH_OP_R12_CIP_RINSE_PROC,PH-OP-R12-CIP-RINSE-PROC,R12 CIP Rinse Operation Processing Phase,Processing,20,OP-R12-CIP-RINSE,EM_R12_CHARGE,BATCH-CIP-2024-005,TS_R12_VFD_SPEED|TS_R12_CHARGE_FLOW,Running,R12 CIP Rinse Operation Processing Phase executes processing activities for operation OP-R12-CIP-RINSE
PH_OP_R12_CIP_RINSE_COMP,PH-OP-R12-CIP-RINSE-COMP,R12 CIP Rinse Operation Completion Phase,Verification,30,OP-R12-CIP-RINSE,EM_R12_CHARGE,BATCH-CIP-2024-005,TS_R12_CHARGE_FLOW,Complete,R12 CIP Rinse Operation Completion Phase executes verification activities for operation OP-R12-CIP-RINSE
PH_OP_R12_CIP_PASSIV_INIT,PH-OP-R12-CIP-PASSIV-INIT,R12 CIP Passivation Operation Initialization Phase,Initialization,10,OP-R12-CIP-PASSIV,EM_R12_CHARGE,BATCH-CIP-2024-016,TS_R12_SAFETY_STATE|TS_R12_PANEL_STATUS,Running,R12 CIP Passivation Operation Initialization Phase executes initialization activities for operation OP-R12-CIP-PASSIV
PH_OP_R12_CIP_PASSIV_PROC,PH-OP-R12-CIP-PASSIV-PROC,R12 CIP Passivation Operation Processing Phase,Processing,20,OP-R12-CIP-PASSIV,EM_R12_CHARGE,BATCH-CIP-2024-016,TS_R12_PANEL_STATUS|TS_R12_CHARGE_TEMP,Running,R12 CIP Passivation Operation Processing Phase executes processing activities for operation OP-R12-CIP-PASSIV
PH_OP_R12_CIP_PASSIV_COMP,PH-OP-R12-CIP-PASSIV-COMP,R12 CIP Passivation Operation Completion Phase,Verification,30,OP-R12-CIP-PASSIV,EM_R12_CHARGE,BATCH-CIP-2024-016,TS_R12_CHARGE_TEMP,Complete,R12 CIP Passivation Operation Completion Phase executes verification activities for operation OP-R12-CIP-PASSIV
PH_OP_QC_CHROM_LOAD_INIT,PH-OP-QC-CHROM-LOAD-INIT,QC Chromatography Load Operation Initialization Phase,Initialization,10,OP-QC-CHROM-LOAD,EM_QC_CHROM,BATCH-QC-2024-004,TS_QC_CHROM_PRESS|TS_QC_CHROM_FLOW,Running,QC Chromatography Load Operation Initialization Phase executes initialization activities for operation OP-QC-CHROM-LOAD
PH_OP_QC_CHROM_LOAD_PROC,PH-OP-QC-CHROM-LOAD-PROC,QC Chromatography Load Operation Processing Phase,Processing,20,OP-QC-CHROM-LOAD,EM_QC_CHROM,BATCH-QC-2024-004,TS_QC_CHROM_FLOW|TS_QC_CHROM_VALVE_POS,Running,QC Chromatography Load Operation Processing Phase executes processing activities for operation OP-QC-CHROM-LOAD
PH_OP_QC_CHROM_LOAD_COMP,PH-OP-QC-CHROM-LOAD-COMP,QC Chromatography Load Operation Completion Phase,Verification,30,OP-QC-CHROM-LOAD,EM_QC_CHROM,BATCH-QC-2024-004,TS_QC_CHROM_VALVE_POS|TS_QC_DATA_SYSTEM_STATUS,Complete,QC Chromatography Load Operation Completion Phase executes verification activities for operation OP-QC-CHROM-LOAD
PH_OP_QC_STABILITY_PREP_INIT,PH-OP-QC-STABILITY-PREP-INIT,QC Stability Preparation Operation Initialization Phase,Initialization,10,OP-QC-STABILITY-PREP,EM_QC_CHROM,BATCH-QC-STAB-013,TS_QC_DATA_SYSTEM_STATUS|TS_QC_FRACTION_WEIGHT,Running,QC Stability Preparation Operation Initialization Phase executes initialization activities for operation OP-QC-STABILITY-PREP
PH_OP_QC_STABILITY_PREP_PROC,PH-OP-QC-STABILITY-PREP-PROC,QC Stability Preparation Operation Processing Phase,Processing,20,OP-QC-STABILITY-PREP,EM_QC_CHROM|EM_QC_FRACTION,BATCH-QC-STAB-013,TS_QC_FRACTION_WEIGHT|TS_QC_FRACTION_PUMP_SPEED,Running,QC Stability Preparation Operation Processing Phase executes processing activities for operation OP-QC-STABILITY-PREP
PH_OP_QC_STABILITY_PREP_COMP,PH-OP-QC-STABILITY-PREP-COMP,QC Stability Preparation Operation Completion Phase,Verification,30,OP-QC-STABILITY-PREP,EM_QC_CHROM|EM_QC_FRACTION,BATCH-QC-STAB-013,TS_QC_FRACTION_PUMP_SPEED,Complete,QC Stability Preparation Operation Completion Phase executes verification activities for operation OP-QC-STABILITY-PREP
PH_OP_QC_MICRO_DISPENSE_INIT,PH-OP-QC-MICRO-DISPENSE-INIT,QC Micro Media Dispense Operation Initialization Phase,Initialization,10,OP-QC-MICRO-DISPENSE,EM_QC_UV,BATCH-QC-MICRO-014,TS_QC_UV_INTENSITY|TS_QC_UV_LAMP_TEMP,Running,QC Micro Media Dispense Operation Initialization Phase executes initialization activities for operation OP-QC-MICRO-DISPENSE
PH_OP_QC_MICRO_DISPENSE_PROC,PH-OP-QC-MICRO-DISPENSE-PROC,QC Micro Media Dispense Operation Processing Phase,Processing,20,OP-QC-MICRO-DISPENSE,EM_QC_UV|EM_QC_FRACTION,BATCH-QC-MICRO-014,TS_QC_UV_LAMP_TEMP|TS_QC_UV_POWER_LOAD,Running,QC Micro Media Dispense Operation Processing Phase executes processing activities for operation OP-QC-MICRO-DISPENSE
PH_OP_QC_MICRO_DISPENSE_COMP,PH-OP-QC-MICRO-DISPENSE-COMP,QC Micro Media Dispense Operation Completion Phase,Verification,30,OP-QC-MICRO-DISPENSE,EM_QC_UV|EM_QC_FRACTION,BATCH-QC-MICRO-014,TS_QC_UV_POWER_LOAD|TS_QC_UV_COOLANT_TEMP,Complete,QC Micro Media Dispense Operation Completion Phase executes verification activities for operation OP-QC-MICRO-DISPENSE
PH_OP_BLDR_MAIN_MIX_INIT,PH-OP-BLDR-MAIN-MIX-INIT,Blender Main Mixing Operation Initialization Phase,Initialization,10,OP-BLDR-MAIN-MIX,EM_BLDR_MOTOR,BATCH-BLDR-015,TS_BLDR_MOTOR_SPEED|TS_BLDR_TORQUE,Running,Blender Main Mixing Operation Initialization Phase executes initialization activities for operation OP-BLDR-MAIN-MIX
PH_OP_BLDR_MAIN_MIX_PROC,PH-OP-BLDR-MAIN-MIX-PROC,Blender Main Mixing Operation Processing Phase,Processing,20,OP-BLDR-MAIN-MIX,EM_BLDR_MOTOR,BATCH-BLDR-015,TS_BLDR_TORQUE|TS_BLDR_VIBRATION,Running,Blender Main Mixing Operation Processing Phase executes processing activities for operation OP-BLDR-MAIN-MIX
PH_OP_BLDR_MAIN_MIX_COMP,PH-OP-BLDR-MAIN-MIX-COMP,Blender Main Mixing Operation Completion Phase,Verification,30,OP-BLDR-MAIN-MIX,EM_BLDR_MOTOR,BATCH-BLDR-015,TS_BLDR_VIBRATION|TS_BLDR_FILTER_DP,Complete,Blender Main Mixing Operation Completion Phase executes verification activities for operation OP-BLDR-MAIN-MIX
PH_OP_BLDR_FINISH_DISCHARGE_INIT,PH-OP-BLDR-FINISH-DISCHARGE-INIT,Blender Final Discharge Operation Initialization Phase,Initialization,10,OP-BLDR-FINISH-DISCHARGE,EM_BLDR_MOTOR,BATCH-BLDR-016,TS_BLDR_VIBRATION|TS_BLDR_MOTOR_SPEED,Running,Blender Final Discharge Operation Initialization Phase executes initialization activities for operation OP-BLDR-FINISH-DISCHARGE
PH_OP_BLDR_FINISH_DISCHARGE_PROC,PH-OP-BLDR-FINISH-DISCHARGE-PROC,Blender Final Discharge Operation Processing Phase,Processing,20,OP-BLDR-FINISH-DISCHARGE,EM_BLDR_MOTOR,BATCH-BLDR-016,TS_BLDR_MOTOR_SPEED|TS_BLDR_TORQUE,Running,Blender Final Discharge Operation Processing Phase executes processing activities for operation OP-BLDR-FINISH-DISCHARGE
PH_OP_BLDR_FINISH_DISCHARGE_COMP,PH-OP-BLDR-FINISH-DISCHARGE-COMP,Blender Final Discharge Operation Completion Phase,Verification,30,OP-BLDR-FINISH-DISCHARGE,EM_BLDR_MOTOR,BATCH-BLDR-016,TS_BLDR_TORQUE,Complete,Blender Final Discharge Operation Completion Phase executes verification activities for operation OP-BLDR-FINISH-DISCHARGE
PH_OP_PACK_LABEL_APPLY_INIT,PH-OP-PACK-LABEL-APPLY-INIT,Packaging Label Apply Operation Initialization Phase,Initialization,10,OP-PACK-LABEL-APPLY,EM_CONV_DRV1,BATCH-PACK-017,TS_CONV_SPEED|TS_CONV_PANEL_MODE,Running,Packaging Label Apply Operation Initialization Phase executes initialization activities for operation OP-PACK-LABEL-APPLY
PH_OP_PACK_LABEL_APPLY_PROC,PH-OP-PACK-LABEL-APPLY-PROC,Packaging Label Apply Operation Processing Phase,Processing,20,OP-PACK-LABEL-APPLY,EM_CONV_DRV1,BATCH-PACK-017,TS_CONV_PANEL_MODE|TS_CONV_VFD_LOAD,Running,Packaging Label Apply Operation Processing Phase executes processing activities for operation OP-PACK-LABEL-APPLY
PH_OP_PACK_LABEL_APPLY_COMP,PH-OP-PACK-LABEL-APPLY-COMP,Packaging Label Apply Operation Completion Phase,Verification,30,OP-PACK-LABEL-APPLY,EM_CONV_DRV1,BATCH-PACK-017,TS_CONV_VFD_LOAD|TS_CONV_SCANNER_STATE,Complete,Packaging Label Apply Operation Completion Phase executes verification activities for operation OP-PACK-LABEL-APPLY
PH_OP_QA_INSPECT_INIT,PH-OP-QA-INSPECT-INIT,QA Inspection Operation Initialization Phase,Initialization,10,OP-QA-INSPECT,EM_QA_SENS,BATCH-QC-STAB-013,TS_QA_PH|TS_QA_CONDUCTIVITY,Running,QA Inspection Operation Initialization Phase executes initialization activities for operation OP-QA-INSPECT
PH_OP_QA_INSPECT_PROC,PH-OP-QA-INSPECT-PROC,QA Inspection Operation Processing Phase,Processing,20,OP-QA-INSPECT,EM_QA_SENS,BATCH-QC-STAB-013,TS_QA_CONDUCTIVITY|TS_QA_TURBIDITY,Running,QA Inspection Operation Processing Phase executes processing activities for operation OP-QA-INSPECT
PH_OP_QA_INSPECT_COMP,PH-OP-QA-INSPECT-COMP,QA Inspection Operation Completion Phase,Verification,30,OP-QA-INSPECT,EM_QA_SENS,BATCH-QC-STAB-013,TS_QA_TURBIDITY|TS_QA_HUMIDITY,Complete,QA Inspection Operation Completion Phase executes verification activities for operation OP-QA-INSPECT
PH_OP_COMP_MONITOR_INIT,PH-OP-COMP-MONITOR-INIT,Compressor Monitoring Operation Initialization Phase,Initialization,10,OP-COMP-MONITOR,EM_COMP_CTRL,BATCH-CIP-2024-016,TS_COMP_DISCH_PRESS|TS_COMP_VIBRATION,Running,Compressor Monitoring Operation Initialization Phase executes initialization activities for operation OP-COMP-MONITOR
PH_OP_COMP_MONITOR_PROC,PH-OP-COMP-MONITOR-PROC,Compressor Monitoring Operation Processing Phase,Processing,20,OP-COMP-MONITOR,EM_COMP_CTRL,BATCH-CIP-2024-016,TS_COMP_VIBRATION|TS_COMP_BEARING_TEMP,Running,Compressor Monitoring Operation Processing Phase executes processing activities for operation OP-COMP-MONITOR
PH_OP_COMP_MONITOR_COMP,PH-OP-COMP-MONITOR-COMP,Compressor Monitoring Operation Completion Phase,Verification,30,OP-COMP-MONITOR,EM_COMP_CTRL,BATCH-CIP-2024-016,TS_COMP_BEARING_TEMP|TS_COMP_SIS_STATE,Complete,Compressor Monitoring Operation Completion Phase executes verification activities for operation OP-COMP-MONITOR
PH_OP_R14_HEAT_MONITOR_INIT,PH-OP-R14-HEAT-MONITOR-INIT,R14 Heater Monitoring Operation Initialization Phase,Initialization,10,OP-R14-HEAT-MONITOR,EM_R14_HEAT,BATCH-CIP-2024-016,TS_R14_HEATER_TEMP|TS_R14_HEATER_POWER,Running,R14 Heater Monitoring Operation Initialization Phase executes initialization activities for operation OP-R14-HEAT-MONITOR
PH_OP_R14_HEAT_MONITOR_PROC,PH-OP-R14-HEAT-MONITOR-PROC,R14 Heater Monitoring Operation Processing Phase,Processing,20,OP-R14-HEAT-MONITOR,EM_R14_HEAT,BATCH-CIP-2024-016,TS_R14_HEATER_POWER|TS_R14_VFD_SPEED,Running,R14 Heater Monitoring Operation Processing Phase executes processing activities for operation OP-R14-HEAT-MONITOR
PH_OP_R14_HEAT_MONITOR_COMP,PH-OP-R14-HEAT-MONITOR-COMP,R14 Heater Monitoring Operation Completion Phase,Verification,30,OP-R14-HEAT-MONITOR,EM_R14_HEAT,BATCH-CIP-2024-016,TS_R14_VFD_SPEED|TS_R14_FLOW_SWITCH_STATE,Complete,R14 Heater Monitoring Operation Completion Phase executes verification activities for operation OP-R14-HEAT-MONITOR
PH_OP_R15_MANIFOLD_CONTROL_INIT,PH-OP-R15-MANIFOLD-CONTROL-INIT,R15 Manifold Control Operation Initialization Phase,Initialization,10,OP-R15-MANIFOLD-CONTROL,EM_R15_VALVE,BATCH-R13-2024-008,TS_R15_VALVE_POSITION|TS_R15_MANIFOLD_PRESS,Running,R15 Manifold Control Operation Initialization Phase executes initialization activities for operation OP-R15-MANIFOLD-CONTROL
PH_OP_R15_MANIFOLD_CONTROL_PROC,PH-OP-R15-MANIFOLD-CONTROL-PROC,R15 Manifold Control Operation Processing Phase,Processing,20,OP-R15-MANIFOLD-CONTROL,EM_R15_VALVE,BATCH-R13-2024-008,TS_R15_MANIFOLD_PRESS|TS_R15_ACTUATOR_PRESS,Running,R15 Manifold Control Operation Processing Phase executes processing activities for operation OP-R15-MANIFOLD-CONTROL
PH_OP_R15_MANIFOLD_CONTROL_COMP,PH-OP-R15-MANIFOLD-CONTROL-COMP,R15 Manifold Control Operation Completion Phase,Verification,30,OP-R15-MANIFOLD-CONTROL,EM_R15_VALVE,BATCH-R13-2024-008,TS_R15_ACTUATOR_PRESS|TS_R15_POSITIONER_STATE,Complete,R15 Manifold Control Operation Completion Phase executes verification activities for operation OP-R15-MANIFOLD-CONTROL
PH_OP_PILOT_REACT_CONTROL_INIT,PH-OP-PILOT-REACT-CONTROL-INIT,Pilot Reactor Control Operation Initialization Phase,Initialization,10,OP-PILOT-REACT-CONTROL,EM_PILOT_CTRL,BATCH-FILL-DEV-018,TS_PILOT_REACTOR_TEMP|TS_PILOT_REACTOR_PRESS,Running,Pilot Reactor Control Operation Initialization Phase executes initialization activities for operation OP-PILOT-REACT-CONTROL
PH_OP_PILOT_REACT_CONTROL_PROC,PH-OP-PILOT-REACT-CONTROL-PROC,Pilot Reactor Control Operation Processing Phase,Processing,20,OP-PILOT-REACT-CONTROL,EM_PILOT_CTRL,BATCH-FILL-DEV-018,TS_PILOT_REACTOR_PRESS|TS_PILOT_FLOW,Running,Pilot Reactor Control Operation Processing Phase executes processing activities for operation OP-PILOT-REACT-CONTROL
PH_OP_PILOT_REACT_CONTROL_COMP,PH-OP-PILOT-REACT-CONTROL-COMP,Pilot Reactor Control Operation Completion Phase,Verification,30,OP-PILOT-REACT-CONTROL,EM_PILOT_CTRL,BATCH-FILL-DEV-018,TS_PILOT_FLOW|TS_PILOT_CONTROLLER_OUTPUT,Complete,Pilot Reactor Control Operation Completion Phase executes verification activities for operation OP-PILOT-REACT-CONTROL
PH_OP_BLDR_PANEL_MONITOR_INIT,PH-OP-BLDR-PANEL-MONITOR-INIT,Blender Control Panel Monitoring Operation Initialization Phase,Initialization,10,OP-BLDR-PANEL-MONITOR,EM_BLDR_CTRL,BATCH-BLDR-015,TS_BLDR_PANEL_STATE|TS_BLDR_HMI_ALARMS,Running,Blender Control Panel Monitoring Operation Initialization Phase executes initialization activities for operation OP-BLDR-PANEL-MONITOR
PH_OP_BLDR_PANEL_MONITOR_PROC,PH-OP-BLDR-PANEL-MONITOR-PROC,Blender Control Panel Monitoring Operation Processing Phase,Processing,20,OP-BLDR-PANEL-MONITOR,EM_BLDR_CTRL,BATCH-BLDR-015,TS_BLDR_HMI_ALARMS|TS_BLDR_FILTER_DP,Running,Blender Control Panel Monitoring Operation Processing Phase executes processing activities for operation OP-BLDR-PANEL-MONITOR
PH_OP_BLDR_PANEL_MONITOR_COMP,PH-OP-BLDR-PANEL-MONITOR-COMP,Blender Control Panel Monitoring Operation Completion Phase,Verification,30,OP-BLDR-PANEL-MONITOR,EM_BLDR_CTRL,BATCH-BLDR-015,TS_BLDR_FILTER_DP|TS_BLDR_SAFETY_SWITCH,Complete,Blender Control Panel Monitoring Operation Completion Phase executes verification activities for operation OP-BLDR-PANEL-MONITOR
PH_OP_QC_CHROM_MAINT_INIT,PH-OP-QC-CHROM-MAINT-INIT,QC Chromatography Maintenance Operation Initialization Phase,Initialization,10,OP-QC-CHROM-MAINT,EM_QC_CHROM,BATCH-QC-2024-004,TS_QC_CHROM_SYS_STATE|TS_QC_CHROM_PUMP_CURRENT,Running,QC Chromatography Maintenance Operation Initialization Phase executes initialization activities for operation OP-QC-CHROM-MAINT
PH_OP_QC_CHROM_MAINT_PROC,PH-OP-QC-CHROM-MAINT-PROC,QC Chromatography Maintenance Operation Processing Phase,Processing,20,OP-QC-CHROM-MAINT,EM_QC_CHROM,BATCH-QC-2024-004,TS_QC_CHROM_PUMP_CURRENT|TS_QC_CHROM_PRESS,Running,QC Chromatography Maintenance Operation Processing Phase executes processing activities for operation OP-QC-CHROM-MAINT
PH_OP_QC_CHROM_MAINT_COMP,PH-OP-QC-CHROM-MAINT-COMP,QC Chromatography Maintenance Operation Completion Phase,Verification,30,OP-QC-CHROM-MAINT,EM_QC_CHROM,BATCH-QC-2024-004,TS_QC_CHROM_PRESS|TS_QC_CHROM_FLOW,Complete,QC Chromatography Maintenance Operation Completion Phase executes verification activities for operation OP-QC-CHROM-MAINT
PH_OP_CONV_WAREHOUSE_SCAN_INIT,PH-OP-CONV-WAREHOUSE-SCAN-INIT,Warehouse Conveyor Scan Operation Initialization Phase,Initialization,10,OP-CONV-WAREHOUSE-SCAN,EM_CONV_DRV1,BATCH-PACK-017,TS_CONV_MOTOR_TEMP|TS_CONV_SCANNER_STATE,Running,Warehouse Conveyor Scan Operation Initialization Phase executes initialization activities for operation OP-CONV-WAREHOUSE-SCAN
PH_OP_CONV_WAREHOUSE_SCAN_PROC,PH-OP-CONV-WAREHOUSE-SCAN-PROC,Warehouse Conveyor Scan Operation Processing Phase,Processing,20,OP-CONV-WAREHOUSE-SCAN,EM_CONV_DRV1,BATCH-PACK-017,TS_CONV_SCANNER_STATE|TS_CONV_SPEED,Running,Warehouse Conveyor Scan Operation Processing Phase executes processing activities for operation OP-CONV-WAREHOUSE-SCAN
PH_OP_CONV_WAREHOUSE_SCAN_COMP,PH-OP-CONV-WAREHOUSE-SCAN-COMP,Warehouse Conveyor Scan Operation Completion Phase,Verification,30,OP-CONV-WAREHOUSE-SCAN,EM_CONV_DRV1,BATCH-PACK-017,TS_CONV_SPEED|TS_CONV_PANEL_MODE,Complete,Warehouse Conveyor Scan Operation Completion Phase executes verification activities for operation OP-CONV-WAREHOUSE-SCAN
